{
  "model_type": "gradient_boosting",
  "params": {
    "selected_type": "gradient_boosting",
    "n_estimators": 120,
    "max_depth": 2,
    "min_samples_leaf": 30,
    "learning_rate": 0.03
  },
  "n_samples": 1062,
  "train": {
    "rmse": 8081086564.383813,
    "mae": 1898959784.1769407,
    "r2": 0.17389359372853797
  },
  "validation": {
    "rmse": 6581792433.0105915,
    "mae": 1774485123.0979853,
    "r2": 0.17629022591737775
  },
  "overfitting": {
    "mae_gap_pct": 0.0,
    "rmse_gap_pct": 0.0,
    "r2_gap_pct": 0.0,
    "max_gap_pct": 0.0,
    "within_limit": true
  },
  "cross_validation": {
    "cv_r2_mean": 0.24424288487873733,
    "cv_r2_std": 0.10252673354072708
  }
}